MovieId,CustomerId,ViewedOn
1000,147,2019-02-20 22:46:30
453,122,2018-07-12 16:34:25
31,421,2019-09-16 20:55:36
902,371,2018-10-09 18:02:51
803,16,2018-06-14 08:02:28
991,52,2019-01-14 03:29:12
241,407,2019-01-31 17:10:29
24,292,2018-04-22 11:11:52
75,359,2018-04-27 18:58:33
597,189,2018-12-03 22:43:05
299,98,2018-02-11 07:16:24
989,150,2018-10-28 09:23:37
419,178,2019-01-21 05:37:56
58,436,2019-10-14 06:17:54
37,86,2018-12-04 14:49:31
569,178,2018-06-17 06:21:15
243,215,2018-03-09 08:30:05
24,210,2018-01-01 23:47:08
826,73,2018-05-31 09:59:58
470,82,2019-03-19 13:42:39
235,71,2019-10-28 19:41:49
527,201,2019-04-04 21:32:33
879,443,2019-05-10 18:55:46
607,316,2018-10-08 09:31:55
120,130,2018-09-07 04:18:12
874,5,2018-07-29 10:01:41
655,113,2019-08-21 18:03:39
42,285,2019-10-19 05:11:15
525,386,2018-10-09 01:00:17
484,380,2018-03-10 05:59:03
365,284,2018-10-19 12:24:52
284,154,2019-09-26 04:24:09
638,402,2019-05-21 21:26:41
636,140,2018-03-11 10:45:54
430,392,2019-01-28 22:29:35
545,187,2018-02-02 03:55:42
186,421,2018-05-09 16:01:03
351,335,2018-07-24 01:44:07
347,63,2018-02-19 12:27:05
296,61,2019-10-05 15:33:27
266,371,2019-06-13 16:33:08
450,413,2018-04-24 08:11:32
770,321,2018-06-08 13:58:58
267,99,2018-10-16 03:43:20
546,221,2019-01-26 13:32:59
176,310,2018-12-29 11:10:00
536,409,2019-07-06 16:38:21
929,28,2019-04-13 14:20:53
922,292,2018-02-07 21:18:20
324,69,2019-02-24 16:47:37
282,248,2019-10-09 06:23:13
207,44,2018-02-23 19:38:18
608,122,2019-02-08 11:49:01
252,364,2019-11-16 22:37:50
103,21,2019-06-22 07:37:50
97,163,2018-09-18 01:00:58
808,16,2018-03-31 04:06:09
690,433,2019-02-03 06:05:00
65,278,2019-05-01 16:40:31
995,93,2018-07-08 15:12:03
12,436,2019-05-06 19:45:18
382,336,2019-03-11 06:43:54
247,332,2019-03-22 18:37:18
621,68,2018-04-08 01:20:26
285,131,2019-02-15 15:10:05
338,85,2019-04-29 16:47:13
986,160,2019-03-28 22:06:29
899,271,2018-12-17 11:21:05
983,219,2019-10-24 10:33:37
246,284,2018-10-30 00:53:40
865,342,2018-09-01 23:02:50
72,120,2019-09-01 00:26:32
728,311,2019-09-05 03:57:22
981,179,2019-03-27 01:01:13
69,34,2018-09-01 01:39:21
755,274,2018-07-25 21:30:32
983,264,2018-06-05 03:38:08
885,272,2019-01-17 07:51:24
596,144,2019-01-12 20:30:49
983,347,2019-10-07 06:38:57
107,353,2018-12-08 07:48:17
812,291,2018-05-16 22:39:18
931,27,2018-08-16 22:16:26
294,97,2018-04-28 12:58:40
861,314,2018-08-26 11:16:24
230,189,2018-03-15 18:13:05
564,25,2018-01-12 16:08:42
133,121,2019-03-20 21:29:46
352,317,2018-06-03 15:36:31
828,214,2019-03-05 15:07:47
724,228,2019-04-27 16:49:08
612,206,2018-07-06 14:43:30
651,94,2019-08-18 04:14:50
923,13,2018-04-02 04:21:04
957,370,2019-07-01 13:48:38
829,405,2018-11-06 08:56:14
463,272,2018-05-13 20:03:32
684,368,2019-06-26 16:04:52
844,175,2018-12-13 13:59:23
916,91,2019-06-27 08:54:32
427,212,2019-08-06 06:52:45
394,194,2018-12-10 18:53:53
349,67,2019-05-16 13:18:18
451,330,2019-07-27 13:32:54
869,385,2018-12-30 18:10:40
52,115,2019-10-26 12:39:57
748,341,2019-02-01 14:32:44
429,307,2019-07-14 02:34:21
85,54,2018-02-03 13:42:38
251,46,2018-07-17 17:52:44
442,337,2019-05-26 01:39:53
982,353,2019-07-10 17:08:36
283,84,2018-11-03 21:33:00
815,134,2018-07-15 04:32:58
125,168,2018-09-24 08:53:26
597,6,2018-08-05 07:16:44
549,324,2019-09-01 18:30:57
771,404,2019-07-02 10:29:41
593,176,2019-03-24 08:56:48
109,361,2019-08-12 00:48:53
191,57,2018-02-11 13:44:36
73,142,2019-03-23 14:29:26
492,224,2018-12-22 08:28:45
256,235,2019-05-09 14:51:47
89,383,2019-01-02 15:48:42
759,449,2018-05-09 09:52:04
619,58,2018-11-16 09:24:53
754,152,2019-09-14 22:48:47
857,285,2018-04-14 20:34:50
486,114,2018-09-03 06:22:22
243,383,2018-10-13 19:13:51
588,214,2018-05-06 00:37:55
840,61,2018-12-14 04:06:05
15,2,2018-12-10 21:46:39
59,414,2018-04-01 04:27:49
382,199,2019-06-06 03:19:40
329,395,2019-07-09 16:59:40
186,36,2019-03-06 18:48:29
295,63,2019-03-17 10:27:28
500,265,2018-02-28 03:33:31
293,72,2018-07-01 11:46:38
504,431,2019-05-24 18:40:53
698,239,2019-08-18 16:01:50
211,20,2018-03-28 13:25:12
181,331,2018-01-27 10:06:36
283,189,2019-11-02 07:25:36
55,87,2019-03-28 21:00:13
830,87,2018-10-31 13:23:53
574,317,2018-01-27 07:01:00
247,81,2018-01-19 09:03:40
208,33,2018-08-19 16:54:59
891,67,2019-03-05 05:06:10
338,411,2019-10-06 12:10:23
425,376,2019-03-25 09:07:48
140,302,2018-06-15 10:26:29
581,411,2019-07-26 05:10:08
136,394,2019-07-16 11:30:10
541,228,2018-11-26 03:37:11
469,189,2019-01-11 00:43:39
33,362,2019-03-01 17:14:29
579,205,2019-09-03 07:12:15
206,372,2018-01-13 09:13:05
932,98,2019-08-07 12:43:44
829,249,2019-03-22 19:52:18
88,202,2018-08-21 02:30:09
928,98,2018-12-01 06:19:02
976,165,2018-01-11 16:08:09
195,177,2019-04-29 14:53:14
837,80,2018-03-30 01:08:07
206,432,2019-02-14 05:18:30
242,77,2018-03-15 15:40:56
808,16,2018-01-19 18:22:42
44,93,2018-01-09 21:46:21
624,266,2019-07-25 15:02:27
401,375,2019-08-25 13:57:29
511,419,2018-10-06 06:02:27
490,384,2019-01-28 13:25:30
497,18,2018-08-14 01:44:27
449,151,2018-02-20 23:12:27
530,59,2019-01-16 00:07:09
257,402,2018-03-07 13:48:08
417,182,2019-07-08 06:00:34
275,262,2018-03-27 05:57:36
573,23,2019-01-04 08:34:01
364,308,2018-01-16 08:26:09
797,251,2019-06-19 14:08:38
581,345,2019-02-19 08:22:27
247,156,2019-01-14 16:49:08
767,14,2019-02-20 03:42:38
609,263,2018-02-10 17:04:50
49,436,2019-03-14 05:01:02
749,318,2019-08-20 07:36:58
54,144,2018-02-21 07:59:51
762,52,2018-06-19 23:59:55
65,154,2018-12-07 17:19:38
366,440,2018-10-16 12:32:40
618,363,2018-08-25 22:54:45
946,177,2019-10-03 01:30:52
21,314,2019-02-15 17:37:07
5,102,2019-06-26 18:02:33
631,274,2018-05-30 18:36:58
889,374,2019-11-12 23:24:29
438,245,2019-01-17 20:37:09
612,158,2018-11-20 20:01:26
61,379,2019-08-15 11:41:57
721,400,2018-09-07 22:12:48
345,401,2018-09-20 16:45:30
812,342,2018-12-29 08:28:01
675,359,2019-01-24 00:07:12
601,187,2019-07-17 22:11:16
6,242,2018-05-04 09:57:37
159,246,2019-06-30 04:07:09
191,288,2019-05-23 23:46:41
57,343,2019-03-16 22:32:33
546,111,2018-10-29 03:52:40
931,261,2019-08-05 17:34:51
882,25,2019-04-03 17:10:52
461,447,2018-04-12 10:59:37
200,358,2018-10-31 17:54:48
187,184,2019-02-23 01:58:18
970,310,2019-03-17 00:07:40
850,407,2018-09-15 04:50:44
891,148,2018-08-09 00:46:50
999,380,2018-10-29 13:34:12
988,182,2018-10-09 15:43:09
739,289,2019-01-10 11:41:06
105,120,2018-10-09 20:22:13
690,187,2018-01-03 22:04:24
929,173,2018-10-02 01:28:41
566,60,2019-04-23 17:31:57
469,121,2019-04-19 06:06:08
846,330,2019-03-24 17:41:12
791,381,2018-12-30 04:36:00
485,418,2019-10-23 14:32:11
767,446,2019-09-17 21:07:00
978,30,2018-03-11 15:59:43
353,106,2018-11-13 03:23:30
938,115,2018-09-07 06:30:52
427,68,2019-08-13 21:01:37
801,205,2019-09-19 09:14:32
905,104,2018-10-23 00:25:08
601,183,2018-10-13 19:54:03
549,375,2018-10-03 13:05:20
815,92,2019-05-03 04:34:45
408,222,2019-04-22 04:15:23
206,216,2018-10-05 10:31:00
334,369,2018-06-19 15:28:10
437,206,2018-09-23 11:33:39
808,210,2019-04-26 19:18:02
383,295,2018-02-13 01:23:58
71,90,2019-09-11 01:08:14
201,265,2018-10-04 04:38:46
668,200,2019-05-27 09:47:04
284,232,2018-07-03 09:30:41
326,256,2018-09-28 03:56:18
870,149,2019-07-03 05:02:00
448,175,2018-11-23 12:52:02
409,85,2019-10-02 23:07:29
742,247,2019-05-27 06:37:36
806,450,2019-03-01 22:54:50
865,411,2018-06-01 00:01:21
145,415,2019-05-10 03:51:29
758,1,2018-08-25 22:04:41
703,162,2018-07-12 03:29:38
239,108,2018-04-25 18:53:54
704,176,2018-11-13 16:14:03
194,304,2019-08-06 19:41:47
519,62,2019-07-02 05:52:03
371,422,2019-07-08 10:44:22
376,353,2019-01-27 09:20:24
562,435,2018-11-29 15:41:06
877,135,2019-02-06 14:27:55
524,407,2018-03-13 09:57:07
810,402,2019-07-11 18:57:39
769,137,2019-10-31 11:06:31
874,96,2019-03-06 10:38:00
932,298,2019-01-03 00:01:04
9,53,2018-01-21 01:14:39
202,271,2019-08-25 09:24:23
988,392,2019-09-20 09:55:54
603,168,2019-03-04 03:06:42
129,92,2019-10-06 22:07:19
803,88,2018-04-10 08:31:31
907,216,2018-05-06 21:17:20
832,316,2018-06-28 15:03:32
615,197,2019-04-01 03:53:52
46,121,2019-07-14 07:07:15
729,158,2018-11-02 10:51:23
867,309,2018-09-04 05:19:50
651,23,2018-06-01 12:45:19
564,296,2018-07-04 17:45:53
14,260,2019-06-28 04:32:12
505,156,2019-02-13 11:27:04
189,117,2018-08-28 11:24:04
597,149,2019-01-21 13:04:15
179,324,2019-08-07 01:32:48
581,371,2018-06-06 01:07:17
854,331,2019-08-30 15:17:46
523,35,2018-06-15 08:35:56
451,7,2018-09-21 06:10:40
208,386,2019-07-17 13:03:23
918,338,2018-12-30 17:45:26
764,355,2019-02-09 03:15:57
790,432,2018-04-10 07:30:18
626,367,2018-04-12 10:18:40
82,190,2018-08-14 22:33:12
206,192,2018-06-08 01:02:01
347,269,2019-03-04 03:30:52
544,378,2018-12-31 19:17:02
259,51,2019-03-17 08:30:34
946,425,2019-06-14 14:26:59
627,422,2018-09-08 08:43:59
102,419,2018-11-24 15:21:33
557,345,2018-03-22 07:39:14
6,387,2019-08-07 23:48:57
403,120,2019-08-01 04:16:24
710,106,2018-09-13 18:44:37
149,62,2018-03-13 05:35:20
203,415,2018-07-17 12:23:51
932,3,2019-07-05 16:06:16
391,262,2018-07-25 14:27:42
857,447,2018-09-08 10:24:42
759,423,2019-10-02 16:17:01
6,39,2018-02-20 20:57:46
374,133,2018-06-10 23:36:43
364,6,2019-04-15 02:58:24
39,91,2018-08-19 08:26:22
60,325,2019-05-07 20:45:30
31,210,2018-01-01 05:36:29
115,356,2019-05-19 03:12:26
291,207,2019-07-21 07:16:17
404,65,2018-04-06 10:03:26
341,366,2018-02-11 17:41:35
174,248,2019-04-22 22:20:12
719,51,2019-11-22 10:38:17
224,353,2018-07-05 08:46:35
871,35,2019-01-08 20:36:57
1,138,2019-05-20 10:36:34
264,394,2018-12-28 12:12:55
295,311,2018-05-06 19:46:29
164,128,2019-03-29 04:33:51
273,259,2018-04-05 01:47:07
615,180,2019-03-12 21:27:09
853,332,2018-01-16 13:14:23
782,136,2019-10-11 11:48:10
400,426,2019-01-12 20:32:42
92,116,2018-05-29 19:14:45
18,208,2019-03-01 02:12:34
758,445,2018-06-04 12:32:37
981,367,2018-09-07 14:43:22
732,139,2019-03-15 01:06:40
77,298,2019-04-20 11:35:04
841,90,2019-05-02 21:38:05
92,16,2018-12-26 16:24:46
655,417,2019-05-05 21:03:04
884,184,2019-06-20 02:46:41
576,83,2018-08-16 02:56:06
343,347,2018-07-29 01:31:02
37,309,2018-08-18 16:12:57
836,317,2019-07-16 10:58:52
540,296,2018-06-08 15:16:22
351,4,2019-07-24 19:57:12
253,33,2018-08-20 05:15:59
312,18,2019-04-10 00:40:12
301,42,2019-10-10 23:33:49
57,91,2018-09-11 20:33:49
157,115,2019-09-15 18:12:02
527,11,2019-10-26 22:53:23
460,288,2018-02-09 00:07:13
533,372,2018-06-29 01:33:23
893,38,2018-03-04 02:54:28
984,161,2019-08-30 00:42:51
299,238,2019-11-20 03:54:20
545,133,2019-10-01 06:33:18
564,64,2019-05-23 22:04:26
212,203,2018-08-24 17:29:47
155,317,2019-10-07 13:12:39
451,420,2018-06-02 15:52:38
448,293,2019-04-26 09:26:59
704,62,2018-10-17 21:28:14
399,155,2018-05-30 02:01:44
235,202,2018-11-12 02:07:34
287,256,2019-06-26 14:48:16
206,3,2019-05-13 05:03:09
487,178,2018-09-14 01:01:14
47,325,2019-11-11 16:18:22
781,215,2019-05-23 10:03:14
398,276,2018-03-11 08:48:01
805,182,2018-11-16 06:21:30
961,104,2018-09-11 13:58:01
669,269,2018-09-20 01:53:47
508,429,2018-07-10 09:55:11
61,84,2019-05-09 15:32:39
635,443,2018-03-22 10:47:46
355,115,2019-04-20 14:55:43
92,257,2019-09-11 09:33:23
88,143,2018-12-04 12:29:31
941,311,2018-05-17 22:12:00
953,123,2018-02-27 03:24:13
896,233,2019-01-20 16:07:35
377,314,2018-06-29 17:46:26
491,257,2018-04-19 22:29:43
80,140,2018-03-04 04:00:05
877,92,2019-03-06 02:13:15
824,400,2018-08-19 01:00:46
958,316,2019-11-15 23:50:43
324,95,2019-09-17 04:10:45
958,116,2018-07-29 21:17:28
904,156,2018-05-24 01:43:17
966,156,2018-01-24 10:42:29
632,285,2018-02-27 07:59:37
402,294,2018-07-22 23:40:48
267,23,2019-08-16 03:39:42
873,441,2018-07-18 02:13:54
761,265,2018-05-01 18:03:26
427,364,2018-07-30 11:34:04
205,343,2019-03-07 11:11:53
336,348,2018-02-11 08:13:34
712,364,2018-07-01 18:38:03
679,405,2018-03-02 02:07:56
803,92,2018-05-14 19:42:17
501,413,2018-10-18 23:35:46
227,382,2019-09-03 00:04:32
325,429,2019-04-16 04:32:48
728,396,2018-03-19 07:55:40
587,311,2018-06-26 17:47:39
640,435,2019-04-11 09:59:11
134,303,2018-09-08 06:21:35
23,306,2018-09-10 03:26:57
20,241,2019-09-20 05:03:50
28,342,2018-08-31 03:51:55
781,384,2018-08-19 04:46:06
524,124,2019-10-20 06:24:32
767,266,2018-05-28 06:48:10
665,181,2019-05-25 19:10:18
169,377,2018-02-26 00:47:40
913,151,2018-07-06 06:53:02
855,25,2018-03-21 16:21:20
19,162,2018-01-17 09:39:08
914,355,2019-01-30 04:16:04
753,435,2019-10-20 23:46:08
883,93,2018-10-09 15:12:08
179,362,2018-05-21 07:21:57
832,296,2018-03-12 05:28:54
225,341,2018-01-16 22:24:21
67,75,2019-08-27 15:03:03
295,354,2018-03-29 05:37:23
899,261,2018-08-24 18:45:17
923,323,2018-10-29 08:11:09
800,263,2018-06-09 22:38:56
812,342,2018-06-25 18:41:46
138,314,2019-08-18 19:33:08
743,44,2019-05-17 23:23:46
691,335,2018-07-04 20:02:40
306,208,2018-10-15 02:44:26
404,89,2019-07-21 07:40:19
801,151,2018-03-03 12:45:00
178,280,2018-05-25 17:15:00
639,268,2018-07-26 15:18:33
910,320,2018-09-10 14:22:24
233,299,2019-10-08 08:11:53
401,43,2018-05-14 18:56:30
385,16,2019-01-04 13:04:31
79,179,2018-12-27 16:20:10
995,216,2018-12-12 01:01:07
710,186,2018-06-20 10:53:53
743,46,2019-03-08 08:02:39
350,162,2018-07-18 08:51:00
34,226,2018-12-13 02:11:03
130,146,2018-02-12 13:00:08
755,164,2018-06-18 08:50:16
296,177,2019-09-12 07:29:39
308,370,2018-09-03 07:40:12
12,50,2018-01-24 11:58:22
5,275,2018-08-23 17:12:24
858,234,2018-05-24 15:35:14
387,182,2019-04-20 02:44:08
272,415,2019-08-28 14:18:48
720,432,2019-02-08 22:44:46
284,425,2018-10-31 12:36:50
768,184,2019-02-03 14:31:29
3,16,2019-01-27 18:19:35
600,255,2019-02-28 02:01:01
465,11,2018-09-27 11:46:43
570,397,2018-02-24 11:23:35
929,206,2019-02-02 20:00:02
10,328,2018-02-24 08:06:03
540,182,2018-07-31 17:31:42
127,422,2019-06-20 00:33:41
148,71,2018-12-06 18:18:25
784,417,2019-03-03 03:59:31
306,381,2019-05-31 20:03:20
745,273,2018-12-30 21:09:37
468,215,2019-11-21 09:10:36
802,337,2018-05-24 17:40:04
174,48,2018-05-17 09:41:40
51,11,2019-03-05 08:22:18
59,96,2018-02-05 23:34:51
354,362,2018-03-04 11:48:43
314,449,2019-03-09 02:41:13
819,135,2019-09-08 08:34:22
296,214,2019-02-18 18:14:17
147,68,2018-11-18 18:05:27
376,333,2018-05-28 23:05:50
342,322,2018-02-25 14:25:56
880,276,2019-11-21 15:43:13
503,105,2018-11-26 18:30:07
976,416,2019-11-06 22:32:25
513,87,2019-06-14 23:44:25
115,290,2018-03-26 02:01:23
198,421,2019-08-13 12:42:58
97,403,2019-06-08 02:06:52
976,282,2018-06-25 19:53:49
889,359,2018-07-31 09:17:12
468,360,2018-10-30 18:48:11
20,166,2018-12-14 06:02:21
987,20,2018-04-04 15:34:47
432,167,2018-03-24 01:48:20
142,88,2018-05-19 07:23:22
149,342,2019-04-16 01:29:05
257,178,2018-06-29 10:33:14
508,304,2018-10-06 07:14:53
211,450,2019-05-09 22:22:02
82,205,2019-03-14 19:23:21
216,449,2018-07-04 11:44:29
316,134,2018-04-26 02:35:26
694,366,2018-09-07 21:47:15
84,295,2018-03-10 02:22:19
380,10,2018-05-24 11:21:51
893,65,2019-05-21 13:04:36
135,245,2018-07-03 07:00:28
222,109,2019-07-01 10:37:45
912,273,2018-05-23 01:05:52
269,53,2018-01-22 19:12:07
578,442,2019-11-16 07:57:05
81,275,2018-01-26 07:34:51
710,49,2018-06-14 09:35:40
212,403,2019-03-23 10:18:09
323,55,2018-07-06 09:09:25
188,236,2018-11-05 08:39:35
837,219,2018-02-26 23:08:54
417,215,2018-06-25 00:03:26
936,364,2018-03-31 12:49:08
816,135,2019-07-26 09:24:22
54,68,2018-04-25 01:34:58
172,73,2018-10-30 22:28:56
836,347,2018-02-27 14:44:44
737,110,2018-06-23 01:44:40
624,67,2019-05-31 18:34:27
254,388,2018-01-01 11:38:23
548,408,2019-09-28 22:43:40
951,325,2019-02-03 17:57:48
352,168,2018-01-18 05:41:47
440,150,2019-09-13 01:02:35
159,279,2018-11-12 12:46:49
967,211,2018-05-28 06:01:13
548,35,2019-04-07 11:05:05
248,251,2019-07-31 06:48:23
204,109,2018-12-14 08:02:39
90,242,2018-04-13 14:14:06
560,242,2019-08-13 06:01:46
246,136,2018-09-28 14:27:36
355,142,2019-11-12 10:50:13
366,352,2018-04-15 05:15:55
948,318,2018-08-28 01:13:11
850,407,2018-04-15 15:09:39
81,179,2018-03-12 07:53:35
881,329,2018-12-04 21:11:23
824,288,2018-12-04 02:16:28
647,203,2019-04-11 13:39:40
709,173,2018-08-01 05:11:00
218,298,2018-12-17 05:30:49
964,160,2018-05-14 01:19:18
616,269,2019-07-12 21:10:02
564,277,2019-06-18 08:58:56
132,444,2019-01-19 17:43:41
24,390,2019-05-29 03:57:28
910,434,2019-10-17 11:17:24
560,222,2018-11-21 15:13:41
479,150,2018-05-03 03:42:08
491,150,2018-10-31 05:43:03
980,205,2019-06-26 04:40:29
901,19,2018-05-24 00:51:55
127,63,2019-06-25 23:54:13
13,209,2019-10-14 17:26:26
717,292,2018-11-20 23:19:23
346,11,2019-08-17 07:58:29
680,110,2018-07-01 18:28:04
670,117,2018-06-08 17:35:41
702,382,2018-07-11 10:25:35
697,40,2018-01-29 01:34:03
971,55,2019-01-10 00:54:12
775,365,2018-10-16 18:05:56
221,73,2018-04-09 01:11:14
702,293,2018-01-05 08:08:24
600,112,2019-01-12 14:48:23
788,450,2019-10-23 15:21:01
938,32,2018-07-08 04:29:02
716,405,2018-12-13 20:12:17
572,168,2019-06-26 07:22:02
708,105,2019-10-08 17:10:14
378,400,2019-07-13 11:56:32
117,127,2018-04-26 21:36:40
575,233,2019-09-10 23:41:34
719,170,2018-08-15 11:31:25
814,383,2018-07-05 08:15:04
437,83,2018-01-26 10:32:26
42,47,2019-08-21 01:05:03
374,315,2019-02-20 13:47:59
305,126,2018-04-06 01:39:00
301,101,2019-11-08 11:41:09
343,220,2019-03-19 01:56:46
288,79,2018-06-20 15:06:20
734,148,2019-02-05 18:28:05
40,78,2019-02-01 18:42:13
290,445,2018-07-08 06:26:17
19,68,2018-10-03 14:22:04
75,333,2019-07-20 12:43:48
136,329,2018-12-15 16:11:00
182,276,2019-01-19 19:46:36
494,141,2019-09-23 00:29:02
243,387,2019-02-22 15:52:17
413,2,2018-12-01 02:58:43
945,248,2018-03-01 03:16:50
923,53,2018-05-21 01:35:07
821,217,2019-09-02 14:57:29
509,405,2019-03-10 04:45:17
35,376,2018-04-16 01:34:33
369,327,2018-09-10 22:42:19
410,307,2018-04-16 12:04:55
688,254,2018-04-02 15:41:20
947,379,2019-04-26 02:02:00
269,413,2019-07-24 21:49:21
306,15,2018-05-09 10:06:30
147,253,2019-09-12 05:58:45
600,105,2019-08-17 07:45:29
204,139,2019-04-09 00:01:14
545,135,2018-04-10 08:55:33
55,24,2019-09-30 14:25:08
393,164,2019-02-13 04:00:01
995,111,2018-05-23 16:05:39
715,395,2018-04-05 01:05:27
812,151,2018-05-26 16:32:06
888,87,2019-08-28 17:47:51
218,264,2019-06-24 21:45:53
825,134,2018-03-11 05:30:13
26,64,2019-10-04 23:58:10
532,44,2018-02-25 18:00:20
849,364,2019-05-01 19:14:12
260,397,2018-05-23 00:31:06
352,271,2019-03-18 19:13:34
105,146,2019-10-19 18:56:42
347,294,2018-02-21 19:36:58
790,114,2018-09-03 20:49:53
322,438,2019-11-05 05:49:11
731,400,2018-11-29 20:32:20
698,191,2019-08-30 10:50:59
366,143,2018-06-28 21:46:17
21,245,2019-07-26 15:41:30
97,282,2018-02-12 02:06:31
773,297,2018-05-31 02:31:44
525,92,2018-11-16 12:13:34
383,101,2018-08-31 06:50:49
944,421,2019-10-01 02:39:18
337,66,2018-11-03 21:24:11
766,102,2018-04-09 05:35:34
454,321,2018-09-28 17:38:00
404,410,2019-06-05 07:07:53
677,201,2019-01-06 20:43:49
248,138,2019-03-03 09:19:07
346,352,2019-06-25 02:10:34
693,449,2019-09-18 01:40:39
109,339,2018-11-17 00:52:06
364,442,2018-03-17 10:27:16
988,358,2018-01-05 23:35:55
913,305,2019-07-23 16:29:03
671,186,2018-08-30 05:38:34
576,274,2018-04-08 09:21:13
801,101,2018-01-27 01:52:01
216,290,2018-03-09 05:38:43
290,374,2019-09-14 10:50:23
482,415,2019-01-17 15:15:32
565,216,2019-08-25 06:16:48
722,122,2018-06-14 19:19:24
929,350,2019-04-15 20:21:51
322,267,2018-04-23 01:36:30
133,76,2018-10-16 01:52:14
466,100,2018-09-07 20:07:18
523,355,2018-09-16 13:59:29
434,388,2019-09-19 06:14:15
279,212,2018-07-01 03:29:44
175,112,2019-05-09 16:34:06
806,341,2018-08-26 07:22:38
365,178,2019-03-01 08:05:59
264,69,2019-11-02 08:25:27
54,238,2018-04-09 23:53:13
437,175,2018-06-12 04:26:53
471,298,2018-11-15 09:22:32
831,49,2019-11-20 06:37:00
482,320,2019-08-25 20:41:38
383,357,2019-03-08 22:37:27
248,356,2019-03-18 07:53:51
758,135,2018-04-14 14:36:48
708,201,2018-08-24 14:47:03
100,179,2018-10-14 15:43:11
75,430,2018-01-17 05:01:58
580,8,2018-09-16 19:41:39
394,230,2018-10-14 03:29:46
350,292,2018-03-24 14:31:47
502,312,2018-12-16 05:54:22
625,234,2019-04-04 07:12:13
906,349,2018-01-16 21:11:00
586,367,2018-07-20 12:41:34
4,64,2019-10-12 03:33:26
758,207,2018-03-10 20:25:28
498,392,2019-07-03 02:13:42
791,382,2019-04-08 05:10:26
464,432,2019-09-03 04:05:06
30,145,2019-05-24 22:27:30
183,296,2018-04-06 01:53:56
631,392,2018-08-16 21:54:01
863,227,2019-04-23 09:03:13
627,327,2018-08-29 08:55:38
227,139,2018-05-25 04:07:27
293,392,2018-08-29 23:25:42
79,245,2018-04-09 12:02:57
628,292,2018-03-03 14:14:07
421,379,2018-12-15 23:06:06
421,216,2018-02-13 18:53:08
254,345,2018-07-21 10:14:06
436,255,2019-04-20 11:22:18
540,313,2019-02-04 06:57:28
31,248,2018-08-03 17:23:11
545,339,2018-06-08 22:28:19
935,186,2018-05-03 07:09:50
33,129,2019-04-18 14:47:29
361,308,2018-05-29 16:40:49
907,20,2018-03-20 20:28:29
362,370,2018-04-28 20:48:16
597,342,2018-11-03 22:18:08
836,207,2018-03-30 05:12:26
85,345,2019-07-19 09:29:34
6,445,2019-02-19 11:39:57
713,72,2018-11-11 07:39:49
453,281,2019-06-06 05:09:36
239,137,2018-06-08 19:01:48
673,155,2019-09-24 05:52:28
815,147,2018-02-28 15:30:34
579,196,2019-02-15 15:16:57
890,225,2019-07-27 19:49:11
761,132,2019-05-13 09:51:45
219,225,2018-05-08 18:17:03
497,135,2019-05-30 12:13:04
796,40,2019-11-15 09:08:35
309,225,2019-04-01 17:19:00
691,24,2018-07-16 02:08:25
866,255,2018-08-17 11:46:57
540,291,2018-03-21 15:04:51
764,365,2019-01-13 11:32:46
222,162,2018-09-22 18:43:17
978,27,2019-02-09 09:56:10
264,51,2018-12-16 15:13:43
176,59,2019-08-19 03:09:48
367,375,2019-01-23 17:42:40
272,221,2019-05-01 17:19:43
640,297,2018-02-24 17:58:36
700,117,2018-10-12 21:27:07
937,234,2018-10-10 07:38:26
571,365,2019-05-08 17:21:19
996,9,2018-04-08 00:27:05
401,200,2018-02-20 07:53:11
360,414,2019-10-26 07:51:05
377,92,2019-04-05 09:42:30
382,9,2018-03-07 13:28:55
119,185,2019-09-23 03:23:21
521,317,2018-03-28 03:29:55
768,344,2019-08-17 23:00:10
937,342,2019-01-09 02:23:11
537,411,2018-07-06 17:23:35
155,260,2018-12-04 07:08:20
517,216,2018-06-27 07:55:38
750,306,2019-08-14 11:09:14
237,60,2018-02-07 21:40:23
354,312,2019-09-05 00:42:58
207,226,2018-07-11 12:32:04
465,173,2019-09-12 07:38:59
609,352,2018-04-24 20:56:11
962,252,2019-08-13 03:18:41
384,89,2018-07-24 10:10:23
161,16,2019-01-11 04:33:38
410,101,2018-05-30 11:30:39
944,202,2018-09-04 11:15:34
178,433,2018-04-10 02:15:22
243,10,2019-03-10 15:07:48
978,423,2019-02-24 04:01:18
676,361,2019-09-25 10:13:37
767,350,2019-03-18 20:21:11
902,96,2018-08-27 19:43:43
736,288,2019-06-16 16:52:00
564,427,2019-05-15 03:58:57
318,253,2018-04-29 20:50:36
249,237,2019-03-05 23:05:19
224,354,2018-01-14 06:44:59
809,74,2019-05-28 13:59:18
148,215,2018-06-02 19:01:46
676,21,2019-07-05 09:36:13
105,135,2019-05-01 18:57:19
830,310,2018-11-28 11:50:59
206,389,2019-07-20 14:17:14
447,438,2019-10-27 06:49:51
766,85,2018-01-06 22:02:29
502,168,2019-06-13 22:01:27
871,80,2018-07-03 16:04:14
111,404,2019-06-03 13:25:02
487,273,2018-09-01 13:11:59
498,107,2018-03-02 14:55:40
298,430,2019-05-10 10:09:35
505,88,2018-08-22 12:34:59
945,3,2018-12-23 23:57:48
78,244,2019-09-19 12:39:31
178,165,2019-09-15 21:01:38
352,118,2018-09-12 08:52:18
42,109,2019-04-24 01:35:31
516,142,2019-01-10 03:47:38
488,335,2018-09-07 03:32:52
590,175,2018-05-24 14:52:43
107,166,2018-01-07 10:06:41
434,64,2018-07-26 11:52:24
152,39,2018-10-09 02:39:51
791,188,2019-02-09 21:26:24
298,163,2018-08-03 06:58:25
383,275,2018-12-25 07:22:16
532,288,2018-08-12 09:04:07
322,407,2019-07-21 01:50:12
234,259,2018-07-02 09:08:52
488,445,2019-08-27 21:38:30
292,207,2019-07-09 17:28:54
622,313,2019-11-16 17:34:58
767,293,2019-06-08 00:14:08
878,297,2018-04-08 17:23:10
494,151,2019-01-25 08:00:54
440,150,2018-08-01 04:59:25
805,63,2018-08-29 01:59:19
455,379,2019-10-07 09:08:07
742,261,2019-06-04 13:41:56
697,73,2019-05-31 19:55:08
188,123,2018-02-12 23:39:44
232,125,2019-10-28 04:10:06
176,210,2019-02-02 14:12:31
807,364,2019-08-12 13:58:03
543,346,2018-03-22 02:17:41
339,41,2019-01-14 15:28:26
404,54,2018-03-04 14:46:28
596,97,2019-02-28 01:08:35
20,394,2019-09-01 08:31:48
725,92,2018-01-01 04:57:55
563,393,2018-08-30 13:59:57
717,356,2018-02-06 06:35:12
412,212,2019-05-29 15:31:49
872,31,2018-10-29 01:38:38
937,38,2018-02-09 01:57:10
47,169,2019-01-18 13:55:53
280,156,2018-01-13 10:22:26
961,266,2018-03-05 15:30:18
305,444,2019-11-06 22:54:01
978,415,2018-05-16 13:15:27
533,211,2018-09-30 15:44:50
921,130,2019-09-12 21:44:30
942,363,2018-08-17 10:27:40
58,449,2018-01-06 17:56:40
617,302,2019-05-01 03:04:39
266,218,2019-11-14 05:03:14
986,95,2019-11-19 05:04:30
755,368,2018-07-18 17:30:19
691,265,2018-07-29 12:35:17
190,449,2019-09-26 17:52:47
347,48,2019-10-17 01:42:36
927,62,2018-05-08 11:20:23
34,350,2019-05-15 14:58:27
32,409,2018-04-16 19:10:41
479,219,2019-02-02 03:44:44
71,191,2019-09-21 16:12:08
511,174,2019-08-11 08:17:59
472,430,2018-10-21 15:44:17
424,96,2018-10-31 11:50:32
393,29,2019-04-25 02:18:23
340,54,2019-05-17 07:45:57
595,41,2018-02-02 18:58:39
67,88,2019-03-12 06:35:33
704,379,2018-10-03 22:18:06
685,113,2019-10-16 20:28:19
676,107,2019-10-26 08:40:42
179,64,2018-06-12 06:42:45
538,91,2018-08-14 22:36:15
600,258,2019-05-12 01:47:21
516,66,2018-10-28 01:09:52
860,263,2019-04-07 03:36:30
474,7,2019-08-07 17:05:07
206,370,2018-09-24 14:42:11
532,171,2019-03-10 04:57:26
386,73,2018-08-08 00:22:53
279,43,2019-05-04 20:18:43
104,360,2019-10-27 09:26:52
588,282,2019-09-16 20:09:36
443,258,2019-06-15 11:39:40
598,243,2019-05-21 01:02:43
405,64,2019-09-18 19:08:53
900,169,2018-01-13 06:08:01
761,442,2018-10-05 16:13:42
90,255,2018-10-18 01:23:33
451,226,2018-06-28 20:38:30
917,68,2018-11-14 18:34:47
363,156,2018-12-08 16:01:26
161,309,2018-05-29 23:10:50
770,194,2019-06-18 18:06:55
283,404,2019-04-12 17:34:09
755,125,2018-08-23 09:26:57
999,422,2018-09-23 19:36:06
630,132,2018-07-01 21:48:11
431,374,2019-11-06 23:45:04
435,28,2019-04-12 11:09:14
416,23,2019-03-25 19:46:52
427,76,2018-12-18 04:28:49
70,411,2018-01-13 22:16:32
196,325,2019-10-06 04:24:46
671,282,2018-07-11 11:03:03
959,222,2019-09-16 18:58:09
885,151,2019-01-25 04:51:04
33,325,2018-11-30 21:38:36
270,117,2018-07-28 11:18:41
92,221,2018-04-05 14:35:41
312,325,2019-08-15 21:49:56
389,409,2018-04-23 22:45:54
816,404,2018-01-20 05:29:23
480,340,2018-08-02 12:29:09
227,185,2018-11-08 12:34:32
715,409,2018-06-30 02:27:31
526,390,2019-11-10 23:39:57
117,310,2018-12-06 09:41:46
818,446,2018-09-25 13:57:33
854,278,2018-12-13 08:00:33
307,62,2019-03-30 08:30:12
715,395,2019-09-27 19:57:20
578,222,2018-07-17 21:49:45
981,188,2018-09-11 06:29:28
427,14,2018-12-30 18:21:01
403,69,2019-04-03 01:25:06
629,358,2019-11-22 18:37:20
666,440,2018-04-22 17:11:07
819,55,2019-05-09 08:12:10
896,149,2019-05-31 15:19:45
643,179,2019-10-28 09:24:22
71,358,2018-02-07 03:03:38
896,335,2018-10-06 03:30:51
893,195,2018-07-24 14:44:33
735,205,2019-05-15 03:25:02
910,418,2019-06-30 19:21:57
167,36,2018-11-21 20:34:13
819,169,2019-03-13 17:09:25
77,418,2018-07-01 01:09:52
566,280,2019-11-22 20:38:13
780,356,2018-03-18 00:16:15
120,363,2019-08-24 04:16:12
313,7,2019-05-15 05:48:30
748,247,2019-04-18 07:15:55
501,55,2018-07-12 00:52:27
449,388,2018-04-09 14:20:26
185,437,2018-11-23 19:50:56
780,8,2018-06-22 00:43:56
998,46,2019-01-30 03:10:12
385,38,2018-11-21 04:51:16
740,254,2018-07-28 18:59:07
747,23,2018-09-18 09:00:03
449,230,2018-03-05 07:38:28
134,9,2019-04-28 04:21:39
382,202,2019-08-05 21:07:16
139,191,2019-09-16 13:26:12
963,44,2019-07-18 05:38:46
964,311,2018-04-26 14:55:47
284,228,2019-03-10 22:45:59
323,104,2018-12-25 07:54:33
242,203,2019-02-24 03:55:33
753,371,2018-02-13 22:33:11
812,73,2018-07-12 19:53:41
759,231,2018-09-15 16:20:42
527,442,2018-11-25 11:30:07
830,253,2019-09-08 10:22:09
446,63,2018-05-16 07:33:30
688,336,2018-01-13 03:00:17
360,442,2019-06-16 16:10:42
261,266,2019-04-29 18:38:02
846,207,2018-01-17 13:46:51
117,272,2019-11-05 07:17:39
641,209,2019-05-06 00:04:56
71,44,2018-03-05 06:21:12
507,241,2018-05-10 16:32:00
279,322,2018-11-27 08:20:57
912,213,2019-01-05 21:42:26
75,111,2018-01-28 21:29:01
229,209,2019-01-03 01:13:57
